{"inputUnits":[12],"outputUnits":8,"inputs":{"0":{"dtype":"number","min":657.6758477474465,"max":870.8276895604708},"1":{"dtype":"number","min":369.34883919207505,"max":494.3410673030156},"2":{"dtype":"number","min":531.0237946862841,"max":688.2526893467291},"3":{"dtype":"number","min":368.9395319719723,"max":483.3301232482672},"4":{"dtype":"number","min":760.8354192948991,"max":1002.8215104040005},"5":{"dtype":"number","min":235.29657861138128,"max":658.8454226482703},"6":{"dtype":"number","min":418.4988700183913,"max":563.5901389511642},"7":{"dtype":"number","min":257.2442959440358,"max":611.4004433479754},"8":{"dtype":"number","min":695.5731676153636,"max":1095.7052386688351},"9":{"dtype":"number","min":141.29297159989056,"max":729.3118226760092},"10":{"dtype":"number","min":265.4876210253526,"max":595.5270207624027},"11":{"dtype":"number","min":126.19126256801741,"max":775.1079016065783}},"outputs":{"0":{"dtype":"string","min":0,"max":1,"uniqueValues":["y","a","i","t","c","o","m","u"],"legend":{"y":[1,0,0,0,0,0,0,0],"a":[0,1,0,0,0,0,0,0],"i":[0,0,1,0,0,0,0,0],"t":[0,0,0,1,0,0,0,0],"c":[0,0,0,0,1,0,0,0],"o":[0,0,0,0,0,1,0,0],"m":[0,0,0,0,0,0,1,0],"u":[0,0,0,0,0,0,0,1]}}},"isNormalized":true}