{"inputUnits":[18],"outputUnits":5,"inputs":{"0":{"dtype":"number","min":506.7142685470878,"max":698.6328148749088},"1":{"dtype":"number","min":160.42801556420233,"max":450.40816607642273},"2":{"dtype":"number","min":625.4542666186619,"max":770.4715072691208},"3":{"dtype":"number","min":158.1658246823322,"max":432.13703318792557},"4":{"dtype":"number","min":490.623217630943,"max":772.5017930561467},"5":{"dtype":"number","min":166.29537975741732,"max":458.4680864504803},"6":{"dtype":"number","min":629.0976421192926,"max":839.635831484071},"7":{"dtype":"number","min":174.50769802939567,"max":563.986526667376},"8":{"dtype":"number","min":343.8647365941148,"max":796.3767519256949},"9":{"dtype":"number","min":195.76780133674117,"max":581.3761088449204},"10":{"dtype":"number","min":604.639324974921,"max":923.8494065577881},"11":{"dtype":"number","min":78.59939040840834,"max":702.3166831643665},"12":{"dtype":"number","min":204.70612640974588,"max":817.8749696011673},"13":{"dtype":"number","min":85.68147533134726,"max":704.1065331841257},"14":{"dtype":"number","min":594.8000041798394,"max":896.0232615192576},"15":{"dtype":"number","min":309.8220480833536,"max":657.8130129803016},"16":{"dtype":"number","min":500.7950624696012,"max":882.5873521144288},"17":{"dtype":"number","min":299.6177821771644,"max":665.8461942561406}},"outputs":{"0":{"dtype":"string","min":0,"max":1,"uniqueValues":["Warrior","Chair","Half Standing Fold","Mountain","Triangle"],"legend":{"Warrior":[1,0,0,0,0],"Chair":[0,1,0,0,0],"Half Standing Fold":[0,0,1,0,0],"Mountain":[0,0,0,1,0],"Triangle":[0,0,0,0,1]}}},"isNormalized":true}