{"inputUnits":[18],"outputUnits":4,"inputs":{"0":{"dtype":"number","min":582.0658785452639,"max":750.5894642395732},"1":{"dtype":"number","min":169.7118974381384,"max":232.8578013854268},"2":{"dtype":"number","min":666.5910369041829,"max":831.3249331225682},"3":{"dtype":"number","min":257.2195185204888,"max":328.56087176252436},"4":{"dtype":"number","min":504.61897200647496,"max":673.5310571574051},"5":{"dtype":"number","min":263.684191277055,"max":310.80634803623536},"6":{"dtype":"number","min":711.8776830532207,"max":942.7483359014014},"7":{"dtype":"number","min":183.03562386954343,"max":465.864438305569},"8":{"dtype":"number","min":394.546007683305,"max":709.3186624133633},"9":{"dtype":"number","min":178.28278894090465,"max":417.8107378176678},"10":{"dtype":"number","min":723.1885881832138,"max":1002.547764165856},"11":{"dtype":"number","min":66.8149860545355,"max":571.6680076985044},"12":{"dtype":"number","min":296.2802919617887,"max":916.9723712609436},"13":{"dtype":"number","min":62.3360315463886,"max":541.3666745196984},"14":{"dtype":"number","min":648.6609076711454,"max":799.823128073132},"15":{"dtype":"number","min":545.5776039450085,"max":618.7396026492582},"16":{"dtype":"number","min":527.3317258367279,"max":698.4697132630107},"17":{"dtype":"number","min":544.9283727504863,"max":609.6453679303714}},"outputs":{"0":{"dtype":"string","min":0,"max":1,"uniqueValues":["y","c","m","a"],"legend":{"y":[1,0,0,0],"c":[0,1,0,0],"m":[0,0,1,0],"a":[0,0,0,1]}}},"isNormalized":true}