{"inputUnits":[22],"outputUnits":8,"inputs":{"0":{"dtype":"number","min":559.1068120874784,"max":782.508267057545},"1":{"dtype":"number","min":344.51561360043775,"max":389.9865318921753},"2":{"dtype":"number","min":581.9173351243312,"max":787.3549245396476},"3":{"dtype":"number","min":327.744829348553,"max":372.5841952669018},"4":{"dtype":"number","min":536.9562290058062,"max":763.190894219662},"5":{"dtype":"number","min":323.36161928881927,"max":365.44813994767605},"6":{"dtype":"number","min":597.6782202813412,"max":799.4922762622166},"7":{"dtype":"number","min":350.4119819611427,"max":395.36229708779183},"8":{"dtype":"number","min":516.1766461917863,"max":713.2551527208856},"9":{"dtype":"number","min":339.9985323063595,"max":387.164850494741},"10":{"dtype":"number","min":636.3253780468892,"max":831.6109505145002},"11":{"dtype":"number","min":411.555719635366,"max":494.40822734906976},"12":{"dtype":"number","min":489.63011151621777,"max":651.8559924173912},"13":{"dtype":"number","min":424.6195372347702,"max":501.43480590345337},"14":{"dtype":"number","min":720.2245523771887,"max":938.9942106848097},"15":{"dtype":"number","min":316.5322959098371,"max":649.7257787800949},"16":{"dtype":"number","min":354.9618779638862,"max":610.4487770169626},"17":{"dtype":"number","min":306.7395114527602,"max":659.5937291008025},"18":{"dtype":"number","min":627.5338994482612,"max":1079.9375066497446},"19":{"dtype":"number","min":207.86584638899865,"max":785.3708871329341},"20":{"dtype":"number","min":252.64561515837792,"max":641.5982334715846},"21":{"dtype":"number","min":202.9976971696787,"max":800.9492083004013}},"outputs":{"0":{"dtype":"string","min":0,"max":1,"uniqueValues":["y","a","t","m","c","i","o","u"],"legend":{"y":[1,0,0,0,0,0,0,0],"a":[0,1,0,0,0,0,0,0],"t":[0,0,1,0,0,0,0,0],"m":[0,0,0,1,0,0,0,0],"c":[0,0,0,0,1,0,0,0],"i":[0,0,0,0,0,1,0,0],"o":[0,0,0,0,0,0,1,0],"u":[0,0,0,0,0,0,0,1]}}},"isNormalized":true}