{"inputUnits":[22],"outputUnits":3,"inputs":{"0":{"dtype":"number","min":594.5937267258937,"max":742.3471651188595},"1":{"dtype":"number","min":279.83046965840265,"max":380.99232476972884},"2":{"dtype":"number","min":606.7328735826544,"max":763.3551595368738},"3":{"dtype":"number","min":259.4882380266598,"max":372.9403270914397},"4":{"dtype":"number","min":578.1822899250669,"max":726.2400129147541},"5":{"dtype":"number","min":259.16923671381016,"max":360.739347109071},"6":{"dtype":"number","min":647.1952416089722,"max":788.5036857397176},"7":{"dtype":"number","min":284.19901035175246,"max":386.36250417983945},"8":{"dtype":"number","min":553.7100047545674,"max":703.9271765089221},"9":{"dtype":"number","min":273.97947496941117,"max":375.8761703550583},"10":{"dtype":"number","min":678.6533340869711,"max":823.121689377128},"11":{"dtype":"number","min":411.7871924968082,"max":489.0328706377675},"12":{"dtype":"number","min":514.3711906462792,"max":659.7182004461029},"13":{"dtype":"number","min":391.5946467655642,"max":491.657824089555},"14":{"dtype":"number","min":788.8939895333019,"max":946.5823239575101},"15":{"dtype":"number","min":389.3594680964251,"max":595.133206705175},"16":{"dtype":"number","min":366.52171331620866,"max":521.7164700875486},"17":{"dtype":"number","min":382.56347893740883,"max":562.1774280117644},"18":{"dtype":"number","min":852.7702503723857,"max":1082.974202790613},"19":{"dtype":"number","min":250.88730392752916,"max":674.4829381208011},"20":{"dtype":"number","min":233.10419283024532,"max":434.84685875562377},"21":{"dtype":"number","min":248.9341480537147,"max":704.4979181549429}},"outputs":{"0":{"dtype":"string","min":0,"max":1,"uniqueValues":["y","a","t"],"legend":{"y":[1,0,0],"a":[0,1,0],"t":[0,0,1]}}},"isNormalized":true}