{"inputUnits":[34],"outputUnits":2,"inputs":{"0":{"dtype":"number","min":651.890301537421,"max":757.9065178897131},"1":{"dtype":"number","min":255.6257884697228,"max":345.08326430265083},"2":{"dtype":"number","min":673.1989736594115,"max":797.3587481057134},"3":{"dtype":"number","min":240.42784457076846,"max":353.7278658499514},"4":{"dtype":"number","min":634.2869066171609,"max":749.4781090406128},"5":{"dtype":"number","min":240.6902909928259,"max":352.1041691999027},"6":{"dtype":"number","min":698.3632591633482,"max":835.146014143057},"7":{"dtype":"number","min":265.2339558285962,"max":371.65633383428076},"8":{"dtype":"number","min":600.0825470801922,"max":727.6663291129621},"9":{"dtype":"number","min":257.69868249559215,"max":373.7349062670994},"10":{"dtype":"number","min":755.3670065319492,"max":867.3089338369407},"11":{"dtype":"number","min":388.88071973036233,"max":450.06203974267385},"12":{"dtype":"number","min":572.7270329694339,"max":698.9852418417133},"13":{"dtype":"number","min":395.3574095254743,"max":449.37160744277423},"14":{"dtype":"number","min":872.3441436411342,"max":995.1449359344601},"15":{"dtype":"number","min":298.1433342959631,"max":544.1635713688595},"16":{"dtype":"number","min":401.2639781194902,"max":578.1054070023711},"17":{"dtype":"number","min":294.37577422026993,"max":596.6290314744882},"18":{"dtype":"number","min":834.6811969920356,"max":1122.7187350380746},"19":{"dtype":"number","min":98.22635398300707,"max":695.7763398760487},"20":{"dtype":"number","min":334.4671227124878,"max":546.2358229818975},"21":{"dtype":"number","min":121.01013717948229,"max":700.0581686413242},"22":{"dtype":"number","min":729.7239857239482,"max":852.0263481882296},"23":{"dtype":"number","min":667.8595611928502,"max":745.8613236126732},"24":{"dtype":"number","min":597.3183289761673,"max":725.7499433584251},"25":{"dtype":"number","min":686.8870312879985,"max":757.3717961886514},"26":{"dtype":"number","min":691.7949346995075,"max":859.6806709497355},"27":{"dtype":"number","min":853.793859815783,"max":994.0027191666777},"28":{"dtype":"number","min":554.4954440936968,"max":721.4177389182006},"29":{"dtype":"number","min":858.3148145861198,"max":994.3223497561444},"30":{"dtype":"number","min":637.9448786041617,"max":852.7032399455861},"31":{"dtype":"number","min":986.8379359857581,"max":1028.355050291069},"32":{"dtype":"number","min":551.4921451078778,"max":740.1695186154852},"33":{"dtype":"number","min":977.5382443439173,"max":1023.0112418683123}},"outputs":{"0":{"dtype":"string","min":0,"max":1,"uniqueValues":["y","a"],"legend":{"y":[1,0],"a":[0,1]}}},"isNormalized":true}