{"inputUnits":[34],"outputUnits":10,"inputs":{"0":{"dtype":"number","min":648.301505597185,"max":708.5606146786464},"1":{"dtype":"number","min":157.83336119893,"max":264.4539372188108},"2":{"dtype":"number","min":667.9300318617766,"max":724.3028508642768},"3":{"dtype":"number","min":149.48844226881687,"max":250.44809304322712},"4":{"dtype":"number","min":637.7164626028751,"max":691.7100364595999},"5":{"dtype":"number","min":145.62680730559947,"max":250.3165943427772},"6":{"dtype":"number","min":686.1207289640078,"max":749.680296901599},"7":{"dtype":"number","min":158.51838939384726,"max":260.0128494440813},"8":{"dtype":"number","min":609.5078167748359,"max":676.9221466895672},"9":{"dtype":"number","min":161.70463829188958,"max":263.54270964744956},"10":{"dtype":"number","min":698.0320009461636,"max":784.985109321802},"11":{"dtype":"number","min":246.28105430751464,"max":362.08564045828143},"12":{"dtype":"number","min":585.6227818351775,"max":649.6354586233889},"13":{"dtype":"number","min":237.85493962031853,"max":352.7882919608387},"14":{"dtype":"number","min":741.8731095725924,"max":878.0801931893316},"15":{"dtype":"number","min":176.93199068655764,"max":500.44102887699114},"16":{"dtype":"number","min":472.30742873848646,"max":638.2401925766051},"17":{"dtype":"number","min":176.52311688731152,"max":486.72062855286356},"18":{"dtype":"number","min":723.3535808162467,"max":922.7398467898832},"19":{"dtype":"number","min":69.3056194142145,"max":627.0816954378952},"20":{"dtype":"number","min":389.39254285760427,"max":687.7895298820525},"21":{"dtype":"number","min":63.00143112004497,"max":620.929705549307},"22":{"dtype":"number","min":702.8327840960907,"max":757.2162078976168},"23":{"dtype":"number","min":509.1792071746945,"max":627.2446474305386},"24":{"dtype":"number","min":594.1841737027298,"max":654.762314377128},"25":{"dtype":"number","min":503.1780744619407,"max":626.3120943655764},"26":{"dtype":"number","min":666.5981948793167,"max":803.285187005069},"27":{"dtype":"number","min":695.0376933650748,"max":824.2601767217138},"28":{"dtype":"number","min":550.1638989875289,"max":682.4103638170294},"29":{"dtype":"number","min":691.526925053578,"max":824.1484930728659},"30":{"dtype":"number","min":639.543610806595,"max":792.0118526354838},"31":{"dtype":"number","min":876.2938028179717,"max":996.7550625040374},"32":{"dtype":"number","min":559.700973006074,"max":734.7111992149502},"33":{"dtype":"number","min":863.5708606289518,"max":1000.2475343696801}},"outputs":{"0":{"dtype":"string","min":0,"max":1,"uniqueValues":["y","m","c","a","i","l","x","t","o","u"],"legend":{"y":[1,0,0,0,0,0,0,0,0,0],"m":[0,1,0,0,0,0,0,0,0,0],"c":[0,0,1,0,0,0,0,0,0,0],"a":[0,0,0,1,0,0,0,0,0,0],"i":[0,0,0,0,1,0,0,0,0,0],"l":[0,0,0,0,0,1,0,0,0,0],"x":[0,0,0,0,0,0,1,0,0,0],"t":[0,0,0,0,0,0,0,1,0,0],"o":[0,0,0,0,0,0,0,0,1,0],"u":[0,0,0,0,0,0,0,0,0,1]}}},"isNormalized":true}